CREATE DATABASE  IF NOT EXISTS `jumia_db` /*!40100 DEFAULT CHARACTER SET utf8mb4 COLLATE utf8mb4_0900_ai_ci */ /*!80016 DEFAULT ENCRYPTION='N' */;
USE `jumia_db`;
-- MySQL dump 10.13  Distrib 8.0.20, for Linux (x86_64)
--
-- Host: localhost    Database: jumia_db
-- ------------------------------------------------------
-- Server version	8.0.20-cluster

/*!40101 SET @OLD_CHARACTER_SET_CLIENT=@@CHARACTER_SET_CLIENT */;
/*!40101 SET @OLD_CHARACTER_SET_RESULTS=@@CHARACTER_SET_RESULTS */;
/*!40101 SET @OLD_COLLATION_CONNECTION=@@COLLATION_CONNECTION */;
/*!50503 SET NAMES utf8 */;
/*!40103 SET @OLD_TIME_ZONE=@@TIME_ZONE */;
/*!40103 SET TIME_ZONE='+00:00' */;
/*!40014 SET @OLD_UNIQUE_CHECKS=@@UNIQUE_CHECKS, UNIQUE_CHECKS=0 */;
/*!40014 SET @OLD_FOREIGN_KEY_CHECKS=@@FOREIGN_KEY_CHECKS, FOREIGN_KEY_CHECKS=0 */;
/*!40101 SET @OLD_SQL_MODE=@@SQL_MODE, SQL_MODE='NO_AUTO_VALUE_ON_ZERO' */;
/*!40111 SET @OLD_SQL_NOTES=@@SQL_NOTES, SQL_NOTES=0 */;

--
-- Table structure for table `cart`
--

DROP TABLE IF EXISTS `cart`;
/*!40101 SET @saved_cs_client     = @@character_set_client */;
/*!50503 SET character_set_client = utf8mb4 */;
CREATE TABLE `cart` (
  `order_id` int NOT NULL,
  `product_id` int NOT NULL,
  `units_purchased` int DEFAULT NULL,
  PRIMARY KEY (`order_id`,`product_id`),
  KEY `product_id_idx` (`product_id`),
  CONSTRAINT `order_id` FOREIGN KEY (`order_id`) REFERENCES `orders` (`order_id`),
  CONSTRAINT `product_id` FOREIGN KEY (`product_id`) REFERENCES `products` (`product_id`)
) ENGINE=InnoDB DEFAULT CHARSET=utf8mb4 COLLATE=utf8mb4_0900_ai_ci;
/*!40101 SET character_set_client = @saved_cs_client */;

--
-- Dumping data for table `cart`
--

LOCK TABLES `cart` WRITE;
/*!40000 ALTER TABLE `cart` DISABLE KEYS */;
INSERT INTO `cart` VALUES (1,6,1),(1,8,1),(1,10,1),(2,4,1),(3,1,1),(4,2,1),(5,8,1),(5,9,1),(5,11,1);
/*!40000 ALTER TABLE `cart` ENABLE KEYS */;
UNLOCK TABLES;

--
-- Table structure for table `category`
--

DROP TABLE IF EXISTS `category`;
/*!40101 SET @saved_cs_client     = @@character_set_client */;
/*!50503 SET character_set_client = utf8mb4 */;
CREATE TABLE `category` (
  `category_id` int NOT NULL,
  `category_name` varchar(100) DEFAULT NULL,
  PRIMARY KEY (`category_id`)
) ENGINE=InnoDB DEFAULT CHARSET=utf8mb4 COLLATE=utf8mb4_0900_ai_ci;
/*!40101 SET character_set_client = @saved_cs_client */;

--
-- Dumping data for table `category`
--

LOCK TABLES `category` WRITE;
/*!40000 ALTER TABLE `category` DISABLE KEYS */;
INSERT INTO `category` VALUES (1,'Mobile'),(2,'laptop'),(3,'earphone'),(4,'beauty'),(5,'fashion'),(6,'grocery');
/*!40000 ALTER TABLE `category` ENABLE KEYS */;
UNLOCK TABLES;

--
-- Table structure for table `orders`
--

DROP TABLE IF EXISTS `orders`;
/*!40101 SET @saved_cs_client     = @@character_set_client */;
/*!50503 SET character_set_client = utf8mb4 */;
CREATE TABLE `orders` (
  `order_id` int NOT NULL AUTO_INCREMENT,
  `order_number` varchar(45) DEFAULT NULL,
  `ordered_on` date DEFAULT NULL,
  `ordered_by` int DEFAULT NULL,
  `order_status` varchar(45) DEFAULT NULL,
  PRIMARY KEY (`order_id`),
  KEY `ordered_by_idx` (`ordered_by`),
  CONSTRAINT `ordered_by` FOREIGN KEY (`ordered_by`) REFERENCES `users` (`user_id`)
) ENGINE=InnoDB AUTO_INCREMENT=6 DEFAULT CHARSET=utf8mb4 COLLATE=utf8mb4_0900_ai_ci;
/*!40101 SET character_set_client = @saved_cs_client */;

--
-- Dumping data for table `orders`
--

LOCK TABLES `orders` WRITE;
/*!40000 ALTER TABLE `orders` DISABLE KEYS */;
INSERT INTO `orders` VALUES (1,'3135','2020-04-01',1,'DELIVERED'),(2,'8794','2020-04-03',2,'ACTIVE'),(3,'9845','2020-04-05',1,'CANCELLED'),(4,'8426','2020-04-05',1,'ACTIVE'),(5,'6987','2020-04-10',3,'ACTIVE');
/*!40000 ALTER TABLE `orders` ENABLE KEYS */;
UNLOCK TABLES;

--
-- Table structure for table `products`
--

DROP TABLE IF EXISTS `products`;
/*!40101 SET @saved_cs_client     = @@character_set_client */;
/*!50503 SET character_set_client = utf8mb4 */;
CREATE TABLE `products` (
  `product_id` int NOT NULL AUTO_INCREMENT,
  `product_code` varchar(45) DEFAULT NULL,
  `product_name` varchar(45) DEFAULT NULL,
  `product_description` varchar(1000) DEFAULT NULL,
  `product_price` int DEFAULT NULL,
  `category_id` int DEFAULT NULL,
  `units_available` int DEFAULT NULL,
  PRIMARY KEY (`product_id`),
  KEY `category_id_idx` (`category_id`),
  CONSTRAINT `category_id` FOREIGN KEY (`category_id`) REFERENCES `category` (`category_id`)
) ENGINE=InnoDB AUTO_INCREMENT=12 DEFAULT CHARSET=utf8mb4 COLLATE=utf8mb4_0900_ai_ci;
/*!40101 SET character_set_client = @saved_cs_client */;

--
-- Dumping data for table `products`
--

LOCK TABLES `products` WRITE;
/*!40000 ALTER TABLE `products` DISABLE KEYS */;
INSERT INTO `products` VALUES (1,'4561','redmi 9','',14999,1,67),(2,'7845','One Plus 8','',65000,1,54),(3,'1235','apple se','',35000,1,56),(4,'9635','hp bs180tu','',48000,2,56),(5,'1597','ideapad','',35000,2,78),(6,'1548','realme wireless','',1800,3,45),(7,'2547','apple ear buds','',10000,3,23),(8,'1524','t shirt',NULL,499,5,698),(9,'1201','sports shoes',NULL,1475,5,23),(10,'1202','watch',NULL,6500,5,67),(11,'1203','jeans',NULL,3500,5,68);
/*!40000 ALTER TABLE `products` ENABLE KEYS */;
UNLOCK TABLES;

--
-- Table structure for table `users`
--

DROP TABLE IF EXISTS `users`;
/*!40101 SET @saved_cs_client     = @@character_set_client */;
/*!50503 SET character_set_client = utf8mb4 */;
CREATE TABLE `users` (
  `user_id` int NOT NULL AUTO_INCREMENT,
  `username` varchar(45) DEFAULT NULL,
  `email` varchar(45) DEFAULT NULL,
  `mobile_number` varchar(10) DEFAULT NULL,
  `password` varchar(45) DEFAULT NULL,
  `address` varchar(500) DEFAULT NULL,
  PRIMARY KEY (`user_id`)
) ENGINE=InnoDB AUTO_INCREMENT=4 DEFAULT CHARSET=utf8mb4 COLLATE=utf8mb4_0900_ai_ci;
/*!40101 SET character_set_client = @saved_cs_client */;

--
-- Dumping data for table `users`
--

LOCK TABLES `users` WRITE;
/*!40000 ALTER TABLE `users` DISABLE KEYS */;
INSERT INTO `users` VALUES (1,'Lokesh','lokesh@gmail.com','9874563210','password','bhopal'),(2,'ashu','ashu@redit.com','9871234560','password','pune'),(3,'shiv','shiv@yahoo.com','7894561230','password','delhi');
/*!40000 ALTER TABLE `users` ENABLE KEYS */;
UNLOCK TABLES;

--
-- Table structure for table `wishes`
--

DROP TABLE IF EXISTS `wishes`;
/*!40101 SET @saved_cs_client     = @@character_set_client */;
/*!50503 SET character_set_client = utf8mb4 */;
CREATE TABLE `wishes` (
  `wishlist_id` int NOT NULL,
  `wish` int NOT NULL,
  PRIMARY KEY (`wishlist_id`,`wish`),
  KEY `wish_idx` (`wish`),
  CONSTRAINT `wish` FOREIGN KEY (`wish`) REFERENCES `products` (`product_id`),
  CONSTRAINT `wishlist_id` FOREIGN KEY (`wishlist_id`) REFERENCES `wishlist` (`wishlist_id`)
) ENGINE=InnoDB DEFAULT CHARSET=utf8mb4 COLLATE=utf8mb4_0900_ai_ci;
/*!40101 SET character_set_client = @saved_cs_client */;

--
-- Dumping data for table `wishes`
--

LOCK TABLES `wishes` WRITE;
/*!40000 ALTER TABLE `wishes` DISABLE KEYS */;
INSERT INTO `wishes` VALUES (2,2),(2,10),(1,11);
/*!40000 ALTER TABLE `wishes` ENABLE KEYS */;
UNLOCK TABLES;

--
-- Table structure for table `wishlist`
--

DROP TABLE IF EXISTS `wishlist`;
/*!40101 SET @saved_cs_client     = @@character_set_client */;
/*!50503 SET character_set_client = utf8mb4 */;
CREATE TABLE `wishlist` (
  `wishlist_id` int NOT NULL,
  `wished_by` int DEFAULT NULL,
  PRIMARY KEY (`wishlist_id`),
  KEY `wished_by_idx` (`wished_by`),
  CONSTRAINT `wished_by` FOREIGN KEY (`wished_by`) REFERENCES `users` (`user_id`)
) ENGINE=InnoDB DEFAULT CHARSET=utf8mb4 COLLATE=utf8mb4_0900_ai_ci;
/*!40101 SET character_set_client = @saved_cs_client */;

--
-- Dumping data for table `wishlist`
--

LOCK TABLES `wishlist` WRITE;
/*!40000 ALTER TABLE `wishlist` DISABLE KEYS */;
INSERT INTO `wishlist` VALUES (1,1),(2,3);
/*!40000 ALTER TABLE `wishlist` ENABLE KEYS */;
UNLOCK TABLES;
/*!40103 SET TIME_ZONE=@OLD_TIME_ZONE */;

/*!40101 SET SQL_MODE=@OLD_SQL_MODE */;
/*!40014 SET FOREIGN_KEY_CHECKS=@OLD_FOREIGN_KEY_CHECKS */;
/*!40014 SET UNIQUE_CHECKS=@OLD_UNIQUE_CHECKS */;
/*!40101 SET CHARACTER_SET_CLIENT=@OLD_CHARACTER_SET_CLIENT */;
/*!40101 SET CHARACTER_SET_RESULTS=@OLD_CHARACTER_SET_RESULTS */;
/*!40101 SET COLLATION_CONNECTION=@OLD_COLLATION_CONNECTION */;
/*!40111 SET SQL_NOTES=@OLD_SQL_NOTES */;

-- Dump completed on 2020-05-01  9:11:53
